ghsa_id,cve_id,severity,summary,cwe_ids,ecosystems,packages,vulnerable_version_ranges,first_patched_versions,published_at,updated_at,html_url
GHSA-fm7p-gw32-828p,CVE-2026-54705,medium,mathlive's Lack of Escaping of HTML allows for XSS,CWE-116,npm,mathlive,<= 0.109.2,0.110.0,2026-07-29T17:21:26Z,2026-07-29T17:21:27Z,https://github.com/advisories/GHSA-fm7p-gw32-828p
GHSA-rwqx-fvqh-6wm4,CVE-2026-54704,medium,OpenTelemetry Java Instrumentation: JDBC Auto-Instrumentation Logging Clear-Text Passwords,CWE-532,maven,io.opentelemetry.javaagent:opentelemetry-javaagent,< 2.28.0-alpha,2.28.0-alpha,2026-07-29T17:18:34Z,2026-07-29T17:18:34Z,https://github.com/advisories/GHSA-rwqx-fvqh-6wm4
GHSA-fq3f-m5qm-99f5,CVE-2026-54712,medium,OpenTelemetry Javaagent RMI context propagation allows resource exhaustion,CWE-400,maven,io.opentelemetry.javaagent:opentelemetry-javaagent,< 2.27.0,2.27.0,2026-07-29T17:16:32Z,2026-07-29T17:16:33Z,https://github.com/advisories/GHSA-fq3f-m5qm-99f5
GHSA-pmwx-rm49-xv39,,low,ActiveRecord::Tenanted::Storage::DiskService#path_for has a possible path traversal,CWE-22,rubygems,activerecord-tenanted,< 0.7.0,0.7.0,2026-07-29T17:06:00Z,2026-07-29T17:06:01Z,https://github.com/advisories/GHSA-pmwx-rm49-xv39
GHSA-xvg2-cgv6-6h7v,,high,netfoil: Incorrect block responses could lead to localhost traffic,CWE-693,go,github.com/tinfoil-factory/netfoil,< 0.4.0,0.4.0,2026-07-29T17:03:48Z,2026-07-29T17:03:48Z,https://github.com/advisories/GHSA-xvg2-cgv6-6h7v
GHSA-mjqf-28ph-426h,CVE-2026-54680,critical,Logging operator has Fluentd configuration injection that allows remote code execution,CWE-74; CWE-77,go,github.com/kube-logging/logging-operator,< 0.0.0-20260608145523-cf437d7f1e05,0.0.0-20260608145523-cf437d7f1e05,2026-07-29T17:01:29Z,2026-07-29T17:01:29Z,https://github.com/advisories/GHSA-mjqf-28ph-426h
GHSA-jq8w-8q2f-ffm9,CVE-2026-54693,high,ZITADEL Users Can Self-Verify Email/Phone via API,CWE-863,go,github.com/zitadel/zitadel; github.com/zitadel/zitadel; github.com/zitadel/zitadel,">= 4.0.0, < 4.15.1; >= 2.43.0, < 3.4.11; < 1.80.0-v2.20.0.20260608144108-ed09b3df7f43",1.80.0-v2.20.0.20260608144108-ed09b3df7f43,2026-07-29T16:54:49Z,2026-07-29T16:54:53Z,https://github.com/advisories/GHSA-jq8w-8q2f-ffm9
GHSA-7h3g-4w2f-fj2f,CVE-2026-54727,high,proot-distro has a Container Isolation Bypass via Crafted Restore Archive,CWE-668,pip,proot-distro,<= 5.1.5,5.1.6,2026-07-29T16:42:11Z,2026-07-29T16:42:14Z,https://github.com/advisories/GHSA-7h3g-4w2f-fj2f
GHSA-9xq3-3fqg-4vg7,CVE-2026-54574,high,`proot-distro install` has a Symlink Escape (Arbitrary Host File Write) via Malicious Tar Archive,CWE-61,pip,proot-distro,<= 5.1.4,5.1.5,2026-07-29T16:32:34Z,2026-07-29T16:32:35Z,https://github.com/advisories/GHSA-9xq3-3fqg-4vg7
GHSA-996f-334j-67g7,CVE-2026-52838,low,Easy!Appointments disable_booking_message rendered as raw HTML on public booking page — Stored XSS,CWE-79,composer,alextselegidis/easyappointments,<= 1.5.2,,2026-07-29T16:30:09Z,2026-07-29T16:30:11Z,https://github.com/advisories/GHSA-996f-334j-67g7
GHSA-8hm4-r66f-29wr,CVE-2026-52841,low,Easy!Appointments: Authorization bypass in Google OAuth provider binding lets any backend user rebind a peer provider's Google sync,CWE-639,composer,alextselegidis/easyappointments,<= 1.5.2,,2026-07-29T16:29:26Z,2026-07-29T16:29:27Z,https://github.com/advisories/GHSA-8hm4-r66f-29wr
GHSA-xgr6-pqjv-3pf8,CVE-2026-52837,medium,Easy!Appointments has unauthenticated customer PII disclosure on booking reschedule page,CWE-200; CWE-639,composer,alextselegidis/easyappointments,<= 1.5.2,,2026-07-29T16:28:23Z,2026-07-29T16:28:25Z,https://github.com/advisories/GHSA-xgr6-pqjv-3pf8
GHSA-w8xc-8g92-v77h,CVE-2026-52839,low,Easy!Appointments appointments/store and appointments/update allow cross-provider appointment injection — Authorization Bypass,CWE-639; CWE-862,composer,alextselegidis/easyappointments,<= 1.5.2,1.6.0,2026-07-29T16:26:25Z,2026-07-29T16:26:27Z,https://github.com/advisories/GHSA-w8xc-8g92-v77h
GHSA-pm5p-7w5h-jm5q,CVE-2026-52840,low,Easy!Appointments has server-side request forgery in CalDAV connection test that exposes the deployment's internal network,CWE-918,composer,alextselegidis/easyappointments,<= 1.5.2,,2026-07-29T16:24:27Z,2026-07-29T16:24:30Z,https://github.com/advisories/GHSA-pm5p-7w5h-jm5q
GHSA-4vmm-5qvc-w5p7,CVE-2026-55651,high,Easy!Appointments Vulnerable to Appointments Takeover via Excessive Data Exposure,CWE-200,composer,alextselegidis/easyappointments,= 1.5.2,,2026-07-29T16:22:17Z,2026-07-29T16:22:19Z,https://github.com/advisories/GHSA-4vmm-5qvc-w5p7
GHSA-wchh-9x6h-7f6p,,medium,olm dependency deprecation: CVE-2022-39255 and CVE-2024-45193,CWE-1395,pip,matrix-commander,<= 8.0.6,,2026-07-29T16:11:45Z,2026-07-29T16:11:49Z,https://github.com/advisories/GHSA-wchh-9x6h-7f6p
GHSA-m4x6-gwgp-4pm7,CVE-2026-11393,high,AgentCore CLI Bedrock Agent Import Vulnerable to Code Injection via Improper Triple-Quote Escaping,CWE-94,npm,@aws/agentcore; @aws/agentcore; @aws/agentcore,">= 0.4.0, < 0.14.2; >= 0.3.0-preview.7.0, <= 0.3.0-preview.9.0; >= 1.0.0-preview.1, < 1.0.0-preview.9",0.14.2; 1.0.0-preview.9,2026-07-29T16:10:46Z,2026-07-29T16:10:49Z,https://github.com/advisories/GHSA-m4x6-gwgp-4pm7
GHSA-4p3g-4hcj-wpvx,CVE-2026-54735,critical,prebid-server's request forgery vulnerability allows for possible host environment data extraction,CWE-918,go,github.com/prebid/prebid-server/v4; github.com/prebid/prebid-server/v3; github.com/prebid/prebid-server/v2; github.com/prebid/prebid-server,< 4.4.0; <= 3.30.0; <= 2.32.0; <= 0.275.0,4.4.0,2026-07-29T16:00:36Z,2026-07-29T16:00:36Z,https://github.com/advisories/GHSA-4p3g-4hcj-wpvx
GHSA-qcxp-gm7m-4j5v,CVE-2026-50559,high,Quarkus: Authentication/Authorization Bypass via Advanced Path Normalization Vulnerabilities,CWE-41; CWE-178; CWE-287; CWE-551; CWE-863,maven,io.quarkus:quarkus-vertx-http; io.quarkus:quarkus-vertx-http; io.quarkus:quarkus-vertx-http; io.quarkus:quarkus-vertx-http; io.quarkus:quarkus-vertx-http,"< 3.20.6.2; >= 3.21.0.CR1, < 3.27.4.1; >= 3.28.0.CR1, < 3.33.2.1; >= 3.34.0.CR1, < 3.36.3; >= 3.37.0.CR1, < 3.37.0",3.20.6.2; 3.27.4.1; 3.33.2.1; 3.36.3; 3.37.0,2026-07-29T15:40:05Z,2026-07-29T15:40:06Z,https://github.com/advisories/GHSA-qcxp-gm7m-4j5v
GHSA-pc2w-4mq8-32qw,,low,@dynatrace-oss/dynatrace-mcp-server's create_dynatrace_notebook missing the human-approval gate,CWE-862,npm,@dynatrace-oss/dynatrace-mcp-server,< 1.8.7,1.8.7,2026-07-29T15:36:19Z,2026-07-29T15:36:20Z,https://github.com/advisories/GHSA-pc2w-4mq8-32qw
GHSA-f42x-p2mx-hm8r,CVE-2026-50558,medium,Penelope unsafe tar extraction allows arbitrary local file write via crafted session archive,CWE-22,pip,penelope-shell-handler,< 0.20.0,0.20.0,2026-07-29T15:34:16Z,2026-07-29T15:34:16Z,https://github.com/advisories/GHSA-f42x-p2mx-hm8r
GHSA-px9f-whj3-246m,CVE-2026-49756,medium,Req vulnerable to multipart form-data header injection via unescaped name/filename/content_type,CWE-93,erlang,req,">= 0.5.3, < 0.6.0",0.6.0,2026-07-29T15:29:14Z,2026-07-29T15:29:15Z,https://github.com/advisories/GHSA-px9f-whj3-246m
GHSA-655f-mp8p-96gv,CVE-2026-49755,high,Req vulnerable to unbounded archive/compression extraction triggered by response content-type,CWE-409,erlang,req,">= 0.1.0, < 0.6.1",0.6.1,2026-07-29T15:23:16Z,2026-07-29T15:23:18Z,https://github.com/advisories/GHSA-655f-mp8p-96gv
GHSA-7c26-995w-6f47,CVE-2026-54081,medium,veraPDF Parser DoS via PostScript Type 1 Font Programs,CWE-1325,maven,org.verapdf:parser; org.verapdf:parser,"<= 1.30.1; >= 1.31.1, <= 1.31.22",1.30.2; 1.31.23,2026-07-29T15:19:04Z,2026-07-29T15:19:06Z,https://github.com/advisories/GHSA-7c26-995w-6f47
GHSA-jrmc-qg6p-94fp,CVE-2026-54080,medium,veraPDF Parser DoS via PostScript CMap Streams,CWE-1325,maven,org.verapdf:parser; org.verapdf:parser,"<= 1.30.1; >= 1.31.1, <= 1.31.22",1.30.2; 1.31.23,2026-07-29T15:17:32Z,2026-07-29T15:17:33Z,https://github.com/advisories/GHSA-jrmc-qg6p-94fp
GHSA-cg9x-g3gm-h5h6,CVE-2026-54082,medium,veraPDF-validatio: Use of Default `DocumentBuilderFactory` leads to XXE When Processing Untrusted PDFs,CWE-611,maven,org.verapdf:validation-model; org.verapdf:validation-model; org.verapdf:validation-model-jakarta; org.verapdf:validation-model-jakarta,">= 1.17.35, <= 1.30.1; >= 1.31.1, <= 1.31.70; >= 1.17.35, <= 1.30.1; >= 1.31.1, <= 1.31.70",1.30.2; 1.31.71; 1.30.2; 1.31.71,2026-07-29T15:14:32Z,2026-07-29T15:14:32Z,https://github.com/advisories/GHSA-cg9x-g3gm-h5h6
GHSA-3jh7-wm29-q568,CVE-2026-54078,high,veraPDF Validation XXE via Rich Text,CWE-611,maven,org.verapdf:validation-model; org.verapdf:validation-model; org.verapdf:validation-model-jakarta; org.verapdf:validation-model-jakarta,">= 1.25.73, <= 1.30.1; >= 1.31.1, <= 1.31.70; >= 1.25.73, <= 1.30.1; >= 1.31.1, <= 1.31.70",1.30.2; 1.31.71; 1.30.2; 1.31.71,2026-07-29T15:11:43Z,2026-07-29T15:11:47Z,https://github.com/advisories/GHSA-3jh7-wm29-q568
GHSA-36mm-w85j-3q2j,CVE-2026-54079,high,veraPDF Validation XXE via XFA,CWE-611,maven,org.verapdf:validation-model; org.verapdf:validation-model; org.verapdf:validation-model-jakarta; org.verapdf:validation-model-jakarta,">= 1.17.35, <= 1.30.1; >= 1.31.1, <= 1.31.70; >= 1.17.35, <= 1.30.1; >= 1.31.1, <= 1.31.70",1.30.2; 1.31.71; 1.30.2; 1.31.71,2026-07-29T15:08:17Z,2026-07-29T15:08:18Z,https://github.com/advisories/GHSA-36mm-w85j-3q2j
GHSA-w284-33mx-6g9v,CVE-2026-54666,high,swagger-typescript-api vulnerable to code injection via unescaped OpenAPI path strings in generated method bodies,CWE-74; CWE-94; CWE-1336,npm,swagger-typescript-api,<= 13.12.1,13.12.2,2026-07-29T14:35:02Z,2026-07-29T14:35:03Z,https://github.com/advisories/GHSA-w284-33mx-6g9v
GHSA-5f94-x226-ccpm,CVE-2026-54664,high,swagger-typescript-api vulnerable to code injection via unescaped enum string values,CWE-74; CWE-94; CWE-1336,npm,swagger-typescript-api,<= 13.12.1,13.12.2,2026-07-29T14:33:00Z,2026-07-29T14:33:02Z,https://github.com/advisories/GHSA-5f94-x226-ccpm
